Number of students,Delta averaging,Data smoothing,Window size,Alpha,Number clusters,Expected critical,Expected monitor,Dimension critical,Dimension monitor,Cohesion critical,Cohesion monitor,Cohesion stable,Coupling critical-monitor,Coupling critical-stable,Coupling monitor-stable,Fluctuations accuracy critical,Fluctuations accuracy monitor,Descending accuracy critical,Descending accuracy monitor,Silhouette,Bayesian time,Clustering time
518,False,ma,3,,3,0.1,0.2,0.10038610038610038,0.21235521235521235,0.08620610222132204,0.10414285925547027,0.14338001297003825,0.0842093410030268,0.059657910828371824,0.08509033611892956,0.4230769230769231,0.7454545454545455,0.6730769230769231,0.8636363636363636,0.27413514564923475,72.90872931480408,0.14394426345825195
518,False,ma,3,,3,0.1,0.2,0.11196911196911197,0.21235521235521235,0.088401397209913,0.10718074138217056,0.1418313797656549,0.083858578538285,0.059380774240297786,0.08976241489434171,0.4827586206896552,0.6363636363636364,0.7758620689655172,0.8090909090909091,0.24383379163115415,72.17228198051453,0.13639330863952637
518,False,ma,3,,3,0.1,0.2,0.10038610038610038,0.21042471042471042,0.0871700187844627,0.10241022580474794,0.13800943846100044,0.08206698739936083,0.05973906364375127,0.08862925747530206,0.4423076923076923,0.6422018348623854,0.7307692307692307,0.7247706422018348,0.23373005521189935,81.36129832267761,0.1619553565979004
